,id_depto,grupo_etario,habitantes
0,06007,>65,2551.0
1,06014,6-11,1184.0
2,06042,>65,2940.0
3,06049,>65,10723.0
4,06063,>65,6918.0
5,06070,6-11,3706.0
6,06084,0-5,1608.0
7,06091,6-11,35310.0
8,06105,0-5,2830.0
9,06134,6-11,8115.0
10,06154,>65,2086.0
11,06161,>65,2090.0
12,06175,>65,3640.0
13,06189,6-11,1368.0
14,06196,12-18,2553.0
15,06196,19-65,13698.0
16,06203,>65,6181.0
17,06224,>65,10420.0
18,06245,0-5,4917.0
19,06252,6-11,27457.0
20,06260,12-18,40096.0
21,06260,19-65,205790.0
22,06280,0-5,3570.0
23,06287,6-11,968.0
24,06294,>65,2655.0
25,06301,12-18,2208.0
26,06301,19-65,11861.0
27,06308,0-5,236.0
28,06315,>65,2865.0
29,06329,>65,1987.0
30,06336,12-18,580.0
31,06336,19-65,2809.0
32,06343,>65,1913.0
33,06351,0-5,1104.0
34,06371,12-18,46012.0
35,06371,19-65,273358.0
36,06385,0-5,1801.0
37,06392,6-11,3412.0
38,06399,0-5,822.0
39,06406,0-5,789.0
40,06408,0-5,11620.0
41,06420,12-18,11692.0
42,06420,19-65,58093.0
43,06427,12-18,214041.0
44,06427,19-65,1102797.0
45,06434,0-5,28133.0
46,06455,>65,4138.0
47,06462,6-11,1585.0
48,06469,6-11,4008.0
49,06505,>65,2459.0
50,06515,>65,33890.0
51,06525,>65,4928.0
52,06539,>65,53763.0
53,06553,>65,1121.0
54,06560,6-11,65328.0
55,06574,12-18,2428.0
56,06574,19-65,11556.0
57,06581,12-18,10861.0
58,06581,19-65,59784.0
59,06609,0-5,3474.0
60,06623,>65,15849.0
61,06630,6-11,511.0
62,06651,0-5,998.0
63,06658,>65,72038.0
64,06665,6-11,4031.0
65,06672,>65,2525.0
66,06686,6-11,2284.0
67,06693,0-5,1104.0
68,06707,0-5,2716.0
69,06714,0-5,3175.0
70,06728,12-18,3015.0
71,06728,19-65,15730.0
72,06749,0-5,11498.0
73,06760,0-5,24752.0
74,06778,6-11,12095.0
75,06812,6-11,259.0
76,06833,6-11,5501.0
77,06840,12-18,35036.0
78,06840,19-65,224655.0
79,06868,6-11,3608.0
80,06882,12-18,15610.0
81,06882,19-65,79490.0
82,10007,>65,712.0
83,10042,0-5,1697.0
84,10056,12-18,554.0
85,10056,19-65,2495.0
86,10070,0-5,2352.0
87,10077,6-11,429.0
88,10091,0-5,2179.0
89,10105,0-5,2024.0
90,14021,12-18,34500.0
91,14021,19-65,179134.0
92,14028,6-11,6501.0
93,14049,12-18,4456.0
94,14049,19-65,20650.0
95,14063,>65,15938.0
96,14070,12-18,529.0
97,14070,19-65,2840.0
98,14147,>65,13883.0
99,14154,0-5,345.0
100,14182,12-18,12072.0
101,14182,19-65,67387.0
102,18014,>65,291.0
103,18021,0-5,35160.0
104,18028,0-5,2791.0
105,18049,6-11,4138.0
106,18056,>65,1001.0
107,18077,>65,1274.0
108,18098,>65,1263.0
109,18105,6-11,5266.0
110,18119,12-18,7503.0
111,18119,19-65,32742.0
112,18126,12-18,3676.0
113,18126,19-65,17104.0
114,18133,6-11,1882.0
115,18147,12-18,1972.0
116,18147,19-65,8562.0
117,18161,6-11,2315.0
118,18168,12-18,9133.0
119,18168,19-65,42572.0
120,18175,>65,1165.0
121,22014,>65,2685.0
122,22021,12-18,12481.0
123,22021,19-65,61185.0
124,22039,12-18,880.0
125,22039,19-65,5206.0
126,22043,>65,927.0
127,22084,6-11,7273.0
128,22105,0-5,2987.0
129,22140,0-5,31821.0
130,22147,12-18,1995.0
131,22147,19-65,9406.0
132,26014,0-5,2022.0
133,26021,0-5,16668.0
134,26035,12-18,5502.0
135,26035,19-65,31186.0
136,26049,12-18,115.0
137,26049,19-65,753.0
138,26056,>65,310.0
139,26070,12-18,178.0
140,26070,19-65,1215.0
141,26084,6-11,638.0
142,26091,6-11,1701.0
143,26098,12-18,657.0
144,26098,19-65,3613.0
145,30015,12-18,23202.0
146,30015,19-65,116955.0
147,30028,12-18,8706.0
148,30028,19-65,47447.0
149,30042,12-18,2028.0
150,30042,19-65,10049.0
151,30049,0-5,4529.0
152,30070,12-18,8762.0
153,30070,19-65,44467.0
154,30077,6-11,4082.0
155,30084,12-18,39844.0
156,30084,19-65,241630.0
157,30088,6-11,2142.0
158,30091,6-11,3068.0
159,30105,>65,4832.0
160,34007,0-5,1763.0
161,34042,0-5,1864.0
162,34049,0-5,8934.0
163,34063,6-11,2783.0
164,38007,0-5,1322.0
165,38021,12-18,34888.0
166,38021,19-65,198400.0
167,38028,6-11,2442.0
168,38056,0-5,539.0
169,38063,>65,8476.0
170,38077,0-5,282.0
171,38098,12-18,565.0
172,38098,19-65,3253.0
173,38105,>65,231.0
174,42007,0-5,769.0
175,42028,>65,912.0
176,42035,6-11,1345.0
177,42042,0-5,99.0
178,42063,12-18,193.0
179,42063,19-65,864.0
180,42077,6-11,590.0
181,42084,6-11,46.0
182,42098,>65,1186.0
183,42112,6-11,1350.0
184,42126,6-11,1070.0
185,42147,6-11,506.0
186,46007,12-18,1863.0
187,46007,19-65,9985.0
188,46014,12-18,23880.0
189,46014,19-65,135127.0
190,46042,12-18,7421.0
191,46042,19-65,35964.0
192,46056,>65,314.0
193,46091,6-11,538.0
194,46098,>65,287.0
195,46105,0-5,209.0
196,46112,0-5,1310.0
197,46119,6-11,429.0
198,50028,12-18,35018.0
199,50028,19-65,192202.0
200,50042,12-18,1302.0
201,50042,19-65,7219.0
202,50063,>65,16850.0
203,50070,12-18,25291.0
204,50070,19-65,130945.0
205,50084,12-18,7111.0
206,50084,19-65,36933.0
207,50091,12-18,4793.0
208,50091,19-65,23212.0
209,50098,0-5,11642.0
210,50105,0-5,17237.0
211,50112,>65,2022.0
212,50126,0-5,3810.0
213,54007,6-11,5788.0
214,54021,0-5,3758.0
215,54028,6-11,40783.0
216,54035,>65,853.0
217,54042,12-18,11407.0
218,54042,19-65,53272.0
219,54049,>65,2072.0
220,54056,>65,4296.0
221,54070,0-5,4430.0
222,54098,6-11,7468.0
223,54105,0-5,2346.0
224,54112,6-11,4904.0
225,54119,0-5,3369.0
226,58014,>65,807.0
227,58021,6-11,316.0
228,58028,12-18,540.0
229,58028,19-65,3027.0
230,58042,12-18,2044.0
231,58042,19-65,11613.0
232,58084,>65,482.0
233,58091,>65,1302.0
234,58105,0-5,721.0
235,62014,0-5,3407.0
236,62021,12-18,16295.0
237,62021,19-65,102388.0
238,62042,6-11,37152.0
239,62084,0-5,337.0
240,62091,12-18,1884.0
241,62091,19-65,10142.0
242,66007,>65,4720.0
243,66021,6-11,2036.0
244,66042,12-18,3002.0
245,66042,19-65,14670.0
246,66070,12-18,938.0
247,66070,19-65,3206.0
248,66077,>65,1030.0
249,66091,0-5,167.0
250,66098,12-18,1064.0
251,66098,19-65,5201.0
252,66105,12-18,1091.0
253,66105,19-65,3939.0
254,66112,0-5,4326.0
255,66119,>65,586.0
256,66133,>65,1941.0
257,66140,>65,3542.0
258,66147,12-18,6128.0
259,66147,19-65,30195.0
260,66154,12-18,964.0
261,66154,19-65,4392.0
262,70007,12-18,4162.0
263,70007,19-65,17922.0
264,70035,0-5,4319.0
265,70042,0-5,9879.0
266,70049,6-11,945.0
267,70091,0-5,1586.0
268,70098,12-18,7378.0
269,70098,19-65,36623.0
270,70105,>65,1993.0
271,70112,0-5,614.0
272,70126,0-5,2294.0
273,70133,0-5,679.0
274,74028,>65,3120.0
275,74049,6-11,3659.0
276,74056,12-18,31276.0
277,74056,19-65,161505.0
278,78028,6-11,2815.0
279,78035,12-18,1415.0
280,78035,19-65,7741.0
281,78049,0-5,585.0
282,82014,12-18,8306.0
283,82014,19-65,51620.0
284,82028,12-18,9828.0
285,82028,19-65,55670.0
286,82042,12-18,20506.0
287,82042,19-65,119730.0
288,82049,6-11,19144.0
289,82056,6-11,6722.0
290,82070,>65,13719.0
291,82077,0-5,2720.0
292,82098,>65,3176.0
293,82105,6-11,7813.0
294,86007,0-5,804.0
295,86056,12-18,5128.0
296,86056,19-65,20123.0
297,86091,12-18,2441.0
298,86091,19-65,10703.0
299,86133,>65,2214.0
300,86154,12-18,627.0
301,86154,19-65,3209.0
302,86161,12-18,7095.0
303,86161,19-65,31246.0
304,86175,6-11,1345.0
305,86182,12-18,716.0
306,86182,19-65,2751.0
307,90007,12-18,5743.0
308,90007,19-65,26634.0
309,90014,6-11,25245.0
310,90042,0-5,2908.0
311,90063,0-5,8542.0
312,90098,0-5,1828.0
313,90105,12-18,20891.0
314,90105,19-65,104523.0
315,90112,12-18,2881.0
316,90112,19-65,13765.0
317,90119,6-11,10227.0
318,94011,12-18,779.0
319,94011,19-65,3616.0
320,06014,12-18,1387.0
321,06014,19-65,7481.0
322,06021,>65,2166.0
323,06070,12-18,4484.0
324,06070,19-65,23224.0
325,06077,0-5,2644.0
326,06091,12-18,41619.0
327,06091,19-65,218944.0
328,06098,0-5,7704.0
329,06112,>65,7067.0
330,06126,0-5,8120.0
331,06134,12-18,8920.0
332,06134,19-65,41390.0
333,06140,>65,1912.0
334,06168,>65,1186.0
335,06182,>65,8312.0
336,06189,12-18,1659.0
337,06189,19-65,8946.0
338,06196,6-11,2404.0
339,06210,>65,7679.0
340,06231,>65,2502.0
341,06252,12-18,30240.0
342,06252,19-65,155627.0
343,06260,6-11,35257.0
344,06274,>65,35553.0
345,06287,12-18,1081.0
346,06287,19-65,6040.0
347,06301,6-11,1957.0
348,06336,6-11,549.0
349,06357,0-5,41427.0
350,06371,6-11,38161.0
351,06392,12-18,4022.0
352,06392,19-65,20289.0
353,06413,>65,14676.0
354,06420,6-11,9744.0
355,06427,6-11,193043.0
356,06448,0-5,901.0
357,06462,12-18,1953.0
358,06462,19-65,9742.0
359,06469,12-18,4746.0
360,06469,19-65,26267.0
361,06490,>65,78110.0
362,06497,>65,12158.0
363,06511,>65,1626.0
364,06560,12-18,71388.0
365,06560,19-65,345479.0
366,06574,6-11,1995.0
367,06581,6-11,9031.0
368,06602,>65,4444.0
369,06630,12-18,522.0
370,06630,19-65,2709.0
371,06638,0-5,34493.0
372,06648,0-5,10170.0
373,06665,12-18,4764.0
374,06665,19-65,23143.0
375,06686,12-18,2802.0
376,06686,19-65,14850.0
377,06700,0-5,1436.0
378,06721,>65,1360.0
379,06728,6-11,2599.0
380,06735,0-5,2120.0
381,06742,>65,1430.0
382,06763,>65,21150.0
383,06778,12-18,12889.0
384,06778,19-65,56479.0
385,06784,>65,1405.0
386,06791,>65,18727.0
387,06805,0-5,32611.0
388,06812,12-18,270.0
389,06812,19-65,1537.0
390,06826,>65,6150.0
391,06833,12-18,6283.0
392,06833,19-65,36334.0
393,06840,6-11,28750.0
394,06847,>65,1342.0
395,06861,0-5,14893.0
396,06868,12-18,4460.0
397,06868,19-65,22428.0
398,06882,6-11,13121.0
399,10021,0-5,1535.0
400,10049,>65,16868.0
401,10056,6-11,448.0
402,10063,0-5,1207.0
403,10077,12-18,533.0
404,10077,19-65,2847.0
405,10084,>65,1158.0
406,10112,0-5,2667.0
407,14007,>65,9292.0
408,14014,0-5,105777.0
409,14021,6-11,29932.0
410,14028,12-18,7447.0
411,14028,19-65,38161.0
412,14035,0-5,2905.0
413,14049,6-11,3562.0
414,14070,6-11,424.0
415,14077,0-5,377.0
416,14091,>65,29233.0
417,14098,>65,35019.0
418,14140,0-5,17737.0
419,14161,>65,16509.0
420,14168,0-5,1943.0
421,14175,>65,1914.0
422,14182,6-11,10277.0
423,18042,0-5,1574.0
424,18049,12-18,4927.0
425,18049,19-65,22354.0
426,18070,>65,11124.0
427,18091,>65,3024.0
428,18105,12-18,5536.0
429,18105,19-65,29405.0
430,18119,6-11,6353.0
431,18126,6-11,3024.0
432,18133,12-18,2017.0
433,18133,19-65,12193.0
434,18140,>65,2177.0
435,18147,6-11,1702.0
436,18154,>65,1074.0
437,18161,12-18,2767.0
438,18161,19-65,13305.0
439,18168,6-11,8046.0
440,22021,6-11,10417.0
441,22028,>65,2861.0
442,22039,6-11,783.0
443,22056,0-5,1285.0
444,22063,>65,3980.0
445,22084,12-18,8036.0
446,22084,19-65,38555.0
447,22091,0-5,2701.0
448,22098,>65,4694.0
449,22126,0-5,1360.0
450,22133,>65,2761.0
451,22147,6-11,1818.0
452,22154,0-5,1769.0
453,22168,0-5,3301.0
454,26007,>65,8486.0
455,26028,0-5,175.0
456,26035,6-11,4856.0
457,26049,6-11,90.0
458,26070,6-11,160.0
459,26077,0-5,10491.0
460,26084,12-18,625.0
461,26084,19-65,3956.0
462,26091,12-18,1804.0
463,26091,19-65,8654.0
464,26098,6-11,643.0
465,30008,>65,8833.0
466,30015,6-11,21468.0
467,30021,>65,6551.0
468,30028,6-11,7982.0
469,30042,6-11,1726.0
470,30056,0-5,9410.0
471,30070,6-11,7842.0
472,30077,12-18,4610.0
473,30077,19-65,25431.0
474,30084,6-11,35139.0
475,30088,12-18,2515.0
476,30088,19-65,12160.0
477,30091,12-18,3496.0
478,30091,19-65,18034.0
479,30113,>65,6274.0
480,34021,0-5,1725.0
481,34035,>65,6529.0
482,34056,>65,6806.0
483,34063,12-18,3034.0
484,34063,19-65,9008.0
485,38014,>65,9114.0
486,38021,6-11,31256.0
487,38028,12-18,2816.0
488,38028,19-65,12176.0
489,38094,>65,1298.0
490,38098,6-11,534.0
491,38112,>65,2145.0
492,42014,>65,287.0
493,42021,>65,13782.0
494,42035,12-18,1449.0
495,42035,19-65,9076.0
496,42063,6-11,150.0
497,42077,12-18,720.0
498,42077,19-65,4622.0
499,42084,12-18,50.0
500,42084,19-65,252.0
501,42105,0-5,5292.0
502,42112,12-18,1404.0
503,42112,19-65,6984.0
504,42126,12-18,1375.0
505,42126,19-65,6416.0
506,42133,>65,2364.0
507,42147,12-18,569.0
508,42147,19-65,3352.0
509,42154,>65,1944.0
510,46007,6-11,1645.0
511,46014,6-11,19946.0
512,46021,>65,761.0
513,46042,6-11,6019.0
514,46091,12-18,655.0
515,46091,19-65,3000.0
516,46119,12-18,494.0
517,46119,19-65,2584.0
518,46126,>65,284.0
519,50014,>65,7507.0
520,50028,6-11,31776.0
521,50042,6-11,1305.0
522,50049,>65,23931.0
523,50070,6-11,22679.0
524,50077,>65,2731.0
525,50084,6-11,6608.0
526,50091,6-11,4334.0
527,54007,12-18,6448.0
528,54007,19-65,29300.0
529,54014,0-5,6425.0
530,54028,12-18,44373.0
531,54028,19-65,240805.0
532,54042,6-11,10328.0
533,54084,>65,3367.0
534,54091,0-5,11680.0
535,54098,12-18,7918.0
536,54098,19-65,36162.0
537,54112,12-18,4984.0
538,54112,19-65,18741.0
539,58021,12-18,310.0
540,58021,19-65,1505.0
541,58028,6-11,456.0
542,58035,>65,42144.0
543,58042,6-11,1819.0
544,58049,0-5,1713.0
545,58063,0-5,675.0
546,58077,>65,712.0
547,58098,>65,500.0
548,62021,6-11,14905.0
549,62035,>65,661.0
550,62042,12-18,41788.0
551,62042,19-65,233536.0
552,62063,>65,2031.0
553,62091,6-11,1600.0
554,66014,0-5,832.0
555,66021,12-18,2229.0
556,66021,19-65,10601.0
557,66028,0-5,47812.0
558,66035,>65,3612.0
559,66042,6-11,2580.0
560,66070,6-11,777.0
561,66084,>65,758.0
562,66098,6-11,953.0
563,66105,6-11,962.0
564,66126,0-5,16651.0
565,66147,6-11,5684.0
566,66154,6-11,950.0
567,66161,0-5,909.0
568,70007,6-11,3634.0
569,70014,>65,988.0
570,70021,>65,774.0
571,70028,>65,18003.0
572,70049,12-18,1047.0
573,70049,19-65,5263.0
574,70070,0-5,7282.0
575,70098,6-11,6657.0
576,70119,>65,852.0
577,74014,>65,794.0
578,74049,12-18,4569.0
579,74049,19-65,24363.0
580,74056,6-11,24700.0
581,74063,0-5,327.0
582,78007,>65,896.0
583,78028,12-18,3093.0
584,78028,19-65,16007.0
585,78035,6-11,1375.0
586,78042,>65,827.0
587,82014,6-11,7096.0
588,82021,>65,21143.0
589,82028,6-11,8043.0
590,82042,6-11,17783.0
591,82049,12-18,22348.0
592,82049,19-65,119457.0
593,82056,12-18,7235.0
594,82056,19-65,43700.0
595,82091,>65,8289.0
596,82105,12-18,8888.0
597,82105,19-65,50794.0
598,82126,>65,9122.0
599,82133,0-5,4985.0
600,86021,>65,1240.0
601,86042,>65,848.0
602,86049,0-5,26352.0
603,86056,6-11,4205.0
604,86063,>65,4446.0
605,86084,0-5,900.0
606,86091,6-11,1990.0
607,86105,>65,1976.0
608,86112,>65,161.0
609,86140,>65,1234.0
610,86154,6-11,561.0
611,86161,6-11,6060.0
612,86168,0-5,1294.0
613,86175,12-18,1737.0
614,86175,19-65,5947.0
615,86182,6-11,630.0
616,90007,6-11,5233.0
617,90014,12-18,28012.0
618,90014,19-65,136365.0
619,90035,>65,1519.0
620,90049,0-5,1894.0
621,90056,>65,6767.0
622,90070,>65,7673.0
623,90084,>65,68095.0
624,90091,>65,4231.0
625,90105,6-11,18682.0
626,90112,6-11,2451.0
627,90119,12-18,11669.0
628,90119,19-65,63511.0
629,94011,6-11,715.0
630,94015,0-5,6135.0
631,06014,0-5,950.0
632,06028,>65,58727.0
633,06070,0-5,3225.0
634,06077,12-18,3457.0
635,06077,19-65,18916.0
636,06084,6-11,1912.0
637,06091,0-5,25806.0
638,06098,12-18,11412.0
639,06098,19-65,60951.0
640,06105,6-11,3296.0
641,06126,12-18,12722.0
642,06126,19-65,65667.0
643,06134,0-5,6225.0
644,06189,0-5,1131.0
645,06218,>65,5082.0
646,06238,>65,4208.0
647,06245,6-11,6608.0
648,06252,0-5,21900.0
649,06266,>65,3767.0
650,06277,>65,1352.0
651,06280,6-11,4115.0
652,06287,0-5,758.0
653,06308,6-11,285.0
654,06322,>65,1628.0
655,06351,6-11,1131.0
656,06357,12-18,67001.0
657,06357,19-65,401710.0
658,06385,6-11,2208.0
659,06392,0-5,2797.0
660,06399,6-11,1028.0
661,06406,6-11,919.0
662,06408,6-11,16075.0
663,06412,>65,26179.0
664,06434,6-11,37841.0
665,06441,>65,84845.0
666,06448,12-18,1343.0
667,06448,19-65,6624.0
668,06462,0-5,1361.0
669,06466,>65,830.0
670,06469,0-5,3480.0
671,06476,>65,2576.0
672,06532,>65,8829.0
673,06547,>65,2908.0
674,06560,0-5,50791.0
675,06588,>65,7481.0
676,06609,6-11,4099.0
677,06616,>65,961.0
678,06630,0-5,408.0
679,06638,12-18,48967.0
680,06638,19-65,239910.0
681,06648,12-18,13904.0
682,06648,19-65,59428.0
683,06651,6-11,1236.0
684,06665,0-5,3451.0
685,06686,0-5,1851.0
686,06693,6-11,1342.0
687,06700,12-18,2086.0
688,06700,19-65,12814.0
689,06707,6-11,3213.0
690,06714,6-11,3725.0
691,06735,12-18,2999.0
692,06735,19-65,15899.0
693,06749,6-11,15307.0
694,06760,6-11,31904.0
695,06770,>65,7299.0
696,06778,0-5,9859.0
697,06798,>65,1447.0
698,06805,12-18,53284.0
699,06805,19-65,273793.0
700,06812,0-5,244.0
701,06819,>65,2158.0
702,06833,0-5,4260.0
703,06854,>65,5261.0
704,06861,12-18,24673.0
705,06861,19-65,171260.0
706,06868,0-5,2583.0
707,10021,12-18,2368.0
708,10021,19-65,11830.0
709,10028,>65,171.0
710,10042,6-11,1892.0
711,10063,12-18,1624.0
712,10063,19-65,9088.0
713,10070,6-11,2725.0
714,10077,0-5,317.0
715,10091,6-11,2579.0
716,10105,6-11,2400.0
717,10112,12-18,3905.0
718,10112,19-65,21376.0
719,14014,12-18,154598.0
720,14014,19-65,943575.0
721,14028,0-5,5650.0
722,14035,12-18,3903.0
723,14035,19-65,21558.0
724,14042,>65,17072.0
725,14077,12-18,544.0
726,14077,19-65,2999.0
727,14126,>65,4866.0
728,14140,12-18,24859.0
729,14140,19-65,137124.0
730,14154,6-11,401.0
731,14168,12-18,2670.0
732,14168,19-65,13455.0
733,18007,>65,3952.0
734,18021,6-11,40888.0
735,18028,6-11,3184.0
736,18035,>65,5625.0
737,18042,12-18,2082.0
738,18042,19-65,10862.0
739,18049,0-5,3662.0
740,18063,>65,1961.0
741,18105,0-5,4965.0
742,18112,>65,4676.0
743,18133,0-5,1633.0
744,18161,0-5,2171.0
745,22007,>65,2198.0
746,22036,>65,1675.0
747,22049,>65,888.0
748,22056,12-18,1769.0
749,22056,19-65,9225.0
750,22077,>65,1066.0
751,22084,0-5,6514.0
752,22091,12-18,3220.0
753,22091,19-65,15499.0
754,22105,6-11,3073.0
755,22112,>65,1417.0
756,22126,12-18,1495.0
757,22126,19-65,8707.0
758,22140,6-11,38963.0
759,22154,12-18,2220.0
760,22154,19-65,11201.0
761,22161,>65,287.0
762,22168,12-18,4429.0
763,22168,19-65,18611.0
764,26014,6-11,2754.0
765,26021,6-11,21521.0
766,26028,12-18,189.0
767,26028,19-65,1099.0
768,26042,>65,1389.0
769,26077,12-18,15650.0
770,26077,19-65,89917.0
771,26084,0-5,565.0
772,26091,0-5,1344.0
773,26105,>65,183.0
774,30049,6-11,5466.0
775,30056,12-18,13659.0
776,30056,19-65,75218.0
777,30077,0-5,3364.0
778,30088,0-5,1743.0
779,30091,0-5,2477.0
780,30098,>65,13809.0
781,34007,6-11,2028.0
782,34014,>65,22847.0
783,34021,12-18,2631.0
784,34021,19-65,11092.0
785,34028,>65,809.0
786,34042,6-11,2181.0
787,34049,6-11,10260.0
788,34063,0-5,2421.0
789,38007,6-11,1685.0
790,38028,0-5,1752.0
791,38035,>65,7998.0
792,38049,>65,172.0
793,38056,6-11,699.0
794,38070,>65,1484.0
795,38077,6-11,302.0
796,38084,>65,232.0
797,42007,6-11,980.0
798,42035,0-5,1023.0
799,42042,6-11,100.0
800,42056,>65,1617.0
801,42077,0-5,486.0
802,42084,0-5,39.0
803,42091,>65,59.0
804,42105,12-18,7418.0
805,42105,19-65,41952.0
806,42112,0-5,1095.0
807,42126,0-5,853.0
808,42147,0-5,435.0
809,46028,>65,1178.0
810,46070,>65,415.0
811,46091,0-5,394.0
812,46105,6-11,241.0
813,46112,6-11,1652.0
814,46119,0-5,345.0
815,50021,>65,27674.0
816,50035,>65,5589.0
817,50056,>65,3538.0
818,50098,6-11,14861.0
819,50105,6-11,21325.0
820,50119,>65,6039.0
821,50126,6-11,4851.0
822,54007,0-5,5262.0
823,54014,12-18,8031.0
824,54014,19-65,33590.0
825,54021,6-11,4296.0
826,54028,0-5,33142.0
827,54070,6-11,5235.0
828,54091,12-18,14897.0
829,54091,19-65,70728.0
830,54098,0-5,6498.0
831,54105,6-11,2808.0
832,54112,0-5,4462.0
833,54119,6-11,3671.0
834,58007,>65,756.0
835,58021,0-5,220.0
836,58049,12-18,2356.0
837,58049,19-65,13051.0
838,58063,12-18,845.0
839,58063,19-65,4729.0
840,58105,6-11,952.0
841,58112,>65,4212.0
842,62007,>65,6892.0
843,62014,6-11,4196.0
844,62028,>65,790.0
845,62042,0-5,29296.0
846,62049,>65,426.0
847,62056,>65,205.0
848,62084,6-11,395.0
849,66014,12-18,1039.0
850,66014,19-65,5161.0
851,66021,0-5,1430.0
852,66028,12-18,69500.0
853,66028,19-65,384838.0
854,66056,>65,11345.0
855,66063,>65,360.0
856,66091,6-11,223.0
857,66112,6-11,4909.0
858,66126,12-18,21379.0
859,66126,19-65,92105.0
860,66161,12-18,1428.0
861,66161,19-65,5005.0
862,70035,6-11,4835.0
863,70042,6-11,11599.0
864,70049,0-5,819.0
865,70070,12-18,10027.0
866,70070,19-65,41620.0
867,70077,>65,13307.0
868,70084,>65,11011.0
869,70091,6-11,1863.0
870,70112,6-11,738.0
871,70126,6-11,2553.0
872,70133,6-11,765.0
873,74007,>65,2727.0
874,74035,>65,13601.0
875,74049,0-5,2825.0
876,74063,12-18,516.0
877,74063,19-65,2738.0
878,78014,>65,7706.0
879,78028,0-5,2180.0
880,78049,6-11,744.0
881,82007,>65,6369.0
882,82049,0-5,17202.0
883,82056,0-5,5742.0
884,82077,6-11,3104.0
885,82105,0-5,6707.0
886,82112,>65,5635.0
887,82133,12-18,6460.0
888,82133,19-65,32900.0
889,86007,6-11,908.0
890,86035,>65,13836.0
891,86049,12-18,35687.0
892,86049,19-65,205470.0
893,86070,>65,1736.0
894,86084,12-18,1107.0
895,86084,19-65,5325.0
896,86098,>65,1447.0
897,86119,>65,2232.0
898,86126,>65,1475.0
899,86168,12-18,1957.0
900,86168,19-65,7017.0
901,86175,0-5,1183.0
902,90014,0-5,21071.0
903,90042,6-11,3478.0
904,90049,12-18,2672.0
905,90049,19-65,12691.0
906,90063,6-11,10920.0
907,90077,>65,6438.0
908,90098,6-11,2270.0
909,90119,0-5,8420.0
910,94015,12-18,8504.0
911,94015,19-65,53167.0
912,06007,6-11,1463.0
913,06014,>65,1845.0
914,06021,12-18,1410.0
915,06021,19-65,7260.0
916,06028,0-5,43762.0
917,06042,6-11,2051.0
918,06049,6-11,7022.0
919,06063,6-11,4356.0
920,06070,>65,4584.0
921,06091,>65,36649.0
922,06112,12-18,4902.0
923,06112,19-65,26790.0
924,06134,>65,5892.0
925,06140,12-18,1686.0
926,06140,19-65,9636.0
927,06154,6-11,1331.0
928,06161,6-11,1627.0
929,06168,12-18,1029.0
930,06168,19-65,5688.0
931,06175,6-11,2418.0
932,06182,12-18,7493.0
933,06182,19-65,39029.0
934,06189,>65,2691.0
935,06203,6-11,3775.0
936,06210,12-18,5651.0
937,06210,19-65,31057.0
938,06218,0-5,3167.0
939,06224,6-11,6129.0
940,06231,12-18,2110.0
941,06231,19-65,10617.0
942,06238,0-5,2569.0
943,06252,>65,20847.0
944,06266,0-5,3424.0
945,06274,12-18,61698.0
946,06274,19-65,291006.0
947,06277,0-5,876.0
948,06287,>65,1303.0
949,06294,6-11,1331.0
950,06315,6-11,2191.0
951,06322,0-5,866.0
952,06329,6-11,1773.0
953,06343,6-11,1495.0
954,06392,>65,4535.0
955,06412,0-5,29597.0
956,06413,12-18,10236.0
957,06413,19-65,59584.0
958,06441,0-5,52075.0
959,06455,6-11,2355.0
960,06462,>65,2512.0
961,06466,0-5,443.0
962,06469,>65,6690.0
963,06476,0-5,1302.0
964,06490,12-18,76653.0
965,06490,19-65,414485.0
966,06497,12-18,12158.0
967,06497,19-65,66872.0
968,06505,6-11,2352.0
969,06511,12-18,1171.0
970,06511,19-65,6537.0
971,06515,6-11,34313.0
972,06525,6-11,7274.0
973,06532,0-5,5457.0
974,06539,6-11,61148.0
975,06547,0-5,1922.0
976,06553,6-11,810.0
977,06560,>65,42772.0
978,06588,0-5,3963.0
979,06602,12-18,3920.0
980,06602,19-65,22601.0
981,06616,0-5,662.0
982,06623,6-11,10471.0
983,06630,>65,465.0
984,06658,6-11,60261.0
985,06665,>65,4259.0
986,06672,6-11,1501.0
987,06686,>65,3832.0
988,06721,12-18,991.0
989,06721,19-65,5522.0
990,06742,12-18,881.0
991,06742,19-65,5261.0
992,06763,12-18,17817.0
993,06763,19-65,99710.0
994,06770,0-5,5781.0
995,06778,>65,6607.0
996,06784,12-18,1428.0
997,06784,19-65,6765.0
998,06791,12-18,14987.0
999,06791,19-65,88559.0
1000,06798,0-5,873.0
1001,06812,>65,218.0
1002,06819,0-5,997.0
1003,06826,12-18,5190.0
1004,06826,19-65,29194.0
1005,06833,>65,9511.0
1006,06847,12-18,986.0
1007,06847,19-65,5246.0
1008,06854,0-5,2706.0
1009,06868,>65,4246.0
1010,10007,6-11,365.0
1011,10028,0-5,142.0
1012,10049,12-18,20464.0
1013,10049,19-65,117672.0
1014,10077,>65,570.0
1015,10084,12-18,1558.0
1016,10084,19-65,7272.0
1017,14007,12-18,8294.0
1018,14007,19-65,44690.0
1019,14028,>65,6989.0
1020,14042,0-5,12494.0
1021,14063,6-11,9153.0
1022,14091,12-18,23311.0
1023,14091,19-65,132106.0
1024,14098,12-18,28427.0
1025,14098,19-65,168196.0
1026,14126,0-5,3328.0
1027,14147,6-11,14361.0
1028,14161,12-18,12405.0
1029,14161,19-65,71309.0
1030,14175,12-18,1507.0
1031,14175,19-65,8304.0
1032,18007,0-5,4397.0
1033,18014,6-11,265.0
1034,18035,0-5,4649.0
1035,18049,>65,4087.0
1036,18056,6-11,896.0
1037,18063,0-5,1425.0
1038,18070,12-18,12844.0
1039,18070,19-65,62315.0
1040,18077,6-11,1276.0
1041,18091,12-18,5177.0
1042,18091,19-65,23021.0
1043,18098,6-11,1108.0
1044,18105,>65,4635.0
1045,18112,0-5,4116.0
1046,18133,>65,1954.0
1047,18140,12-18,2496.0
1048,18140,19-65,12821.0
1049,18154,12-18,1740.0
1050,18154,19-65,7101.0
1051,18161,>65,2124.0
1052,18175,6-11,1061.0
1053,22007,0-5,4089.0
1054,22014,6-11,2968.0
1055,22028,12-18,3737.0
1056,22028,19-65,21210.0
1057,22036,0-5,2262.0
1058,22043,6-11,1106.0
1059,22049,0-5,1411.0
1060,22063,12-18,8792.0
1061,22063,19-65,40477.0
1062,22077,0-5,1282.0
1063,22084,>65,4926.0
1064,22098,12-18,6893.0
1065,22098,19-65,35752.0
1066,22112,0-5,2090.0
1067,22133,12-18,4092.0
1068,22133,19-65,19143.0
1069,22161,0-5,394.0
1070,26007,12-18,12276.0
1071,26007,19-65,63558.0
1072,26042,0-5,998.0
1073,26056,6-11,257.0
1074,26084,>65,563.0
1075,26091,>65,974.0
1076,26105,0-5,117.0
1077,30008,12-18,7913.0
1078,30008,19-65,45247.0
1079,30021,12-18,5162.0
1080,30021,19-65,32294.0
1081,30077,>65,5467.0
1082,30088,>65,2226.0
1083,30091,>65,4016.0
1084,30098,0-5,8632.0
1085,30105,6-11,3601.0
1086,30113,12-18,6314.0
1087,30113,19-65,32628.0
1088,34014,0-5,21127.0
1089,34028,0-5,1918.0
1090,34035,12-18,10400.0
1091,34035,19-65,46661.0
1092,34056,12-18,9246.0
1093,34056,19-65,41567.0
1094,34063,>65,432.0
1095,38014,12-18,15219.0
1096,38014,19-65,73552.0
1097,38028,>65,1691.0
1098,38035,0-5,8147.0
1099,38049,0-5,170.0
1100,38063,6-11,9254.0
1101,38070,0-5,1905.0
1102,38084,0-5,439.0
1103,38094,12-18,1803.0
1104,38094,19-65,8908.0
1105,38105,6-11,276.0
1106,38112,12-18,3272.0
1107,38112,19-65,15274.0
1108,42014,12-18,336.0
1109,42014,19-65,1522.0
1110,42021,12-18,12701.0
1111,42021,19-65,72635.0
1112,42028,6-11,880.0
1113,42035,>65,2201.0
1114,42056,0-5,960.0
1115,42077,>65,1295.0
1116,42084,>65,41.0
1117,42091,0-5,33.0
1118,42098,6-11,835.0
1119,42112,>65,803.0
1120,42126,>65,1376.0
1121,42133,12-18,1945.0
1122,42133,19-65,10164.0
1123,42147,>65,775.0
1124,42154,12-18,1955.0
1125,42154,19-65,10669.0
1126,46021,12-18,599.0
1127,46021,19-65,3503.0
1128,46028,0-5,829.0
1129,46056,6-11,333.0
1130,46070,0-5,337.0
1131,46091,>65,430.0
1132,46098,6-11,246.0
1133,46119,>65,454.0
1134,46126,12-18,314.0
1135,46126,19-65,1849.0
1136,50014,12-18,5721.0
1137,50014,19-65,29697.0
1138,50021,0-5,13392.0
1139,50035,0-5,3662.0
1140,50049,12-18,27850.0
1141,50049,19-65,137531.0
1142,50056,0-5,4526.0
1143,50063,6-11,17898.0
1144,50077,12-18,4071.0
1145,50077,19-65,19283.0
1146,50112,6-11,2143.0
1147,50119,0-5,5158.0
1148,54007,>65,3705.0
1149,54028,>65,32395.0
1150,54035,6-11,1156.0
1151,54049,6-11,5949.0
1152,54056,6-11,9732.0
1153,54084,12-18,4992.0
1154,54084,19-65,22008.0
1155,54098,>65,5148.0
1156,54112,>65,1599.0
1157,58007,0-5,878.0
1158,58014,6-11,2170.0
1159,58021,>65,290.0
1160,58035,12-18,49728.0
1161,58035,19-65,295660.0
1162,58077,12-18,1008.0
1163,58077,19-65,5926.0
1164,58084,6-11,563.0
1165,58091,6-11,3445.0
1166,58098,12-18,543.0
1167,58098,19-65,3120.0
1168,58112,0-5,3426.0
1169,62007,0-5,4517.0
1170,62028,0-5,605.0
1171,62035,12-18,796.0
1172,62035,19-65,4178.0
1173,62042,>65,37855.0
1174,62049,0-5,274.0
1175,62056,0-5,113.0
1176,62063,12-18,1711.0
1177,62063,19-65,9736.0
1178,66007,6-11,8007.0
1179,66021,>65,1526.0
1180,66035,12-18,7225.0
1181,66035,19-65,32633.0
1182,66056,0-5,19509.0
1183,66063,0-5,314.0
1184,66077,6-11,1219.0
1185,66084,12-18,884.0
1186,66084,19-65,4169.0
1187,66119,6-11,716.0
1188,66133,6-11,5525.0
1189,66140,6-11,3545.0
1190,70014,12-18,1363.0
1191,70014,19-65,5671.0
1192,70021,12-18,1337.0
1193,70021,19-65,6197.0
1194,70028,12-18,10752.0
1195,70028,19-65,69130.0
1196,70049,>65,752.0
1197,70077,0-5,11959.0
1198,70084,0-5,8399.0
1199,70105,6-11,3274.0
1200,70119,12-18,939.0
1201,70119,19-65,5037.0
1202,74007,0-5,2003.0
1203,74014,12-18,635.0
1204,74014,19-65,3141.0
1205,74028,6-11,2353.0
1206,74035,0-5,11922.0
1207,74049,>65,4873.0
1208,78007,12-18,1783.0
1209,78007,19-65,9237.0
1210,78014,0-5,10716.0
1211,78028,>65,1289.0
1212,78042,12-18,1574.0
1213,78042,19-65,7828.0
1214,82007,0-5,3597.0
1215,82021,12-18,20504.0
1216,82021,19-65,115199.0
1217,82049,>65,19382.0
1218,82056,>65,10237.0
1219,82070,6-11,10020.0
1220,82091,12-18,8200.0
1221,82091,19-65,43134.0
1222,82098,6-11,3454.0
1223,82105,>65,10415.0
1224,82112,0-5,3766.0
1225,82126,12-18,6928.0
1226,82126,19-65,39995.0
1227,86021,12-18,2228.0
1228,86021,19-65,8086.0
1229,86035,0-5,16118.0
1230,86042,12-18,1252.0
1231,86042,19-65,6561.0
1232,86063,12-18,5329.0
1233,86063,19-65,25704.0
1234,86070,0-5,2127.0
1235,86098,0-5,2152.0
1236,86105,12-18,3035.0
1237,86105,19-65,14216.0
1238,86112,12-18,183.0
1239,86112,19-65,864.0
1240,86119,0-5,4608.0
1241,86126,0-5,1392.0
1242,86133,6-11,3051.0
1243,86140,12-18,1575.0
1244,86140,19-65,6907.0
1245,86175,>65,971.0
1246,90014,>65,16995.0
1247,90035,12-18,1864.0
1248,90035,19-65,9093.0
1249,90056,12-18,7848.0
1250,90056,19-65,39299.0
1251,90070,12-18,9204.0
1252,90070,19-65,46083.0
1253,90077,0-5,5525.0
1254,90084,12-18,59056.0
1255,90084,19-65,364165.0
1256,90091,12-18,4234.0
1257,90091,19-65,21565.0
1258,90119,>65,8762.0
1259,02000,6-11,201989.0
1260,06021,0-5,904.0
1261,06028,12-18,68125.0
1262,06028,19-65,354580.0
1263,06035,6-11,31635.0
1264,06056,6-11,29136.0
1265,06077,>65,4014.0
1266,06098,>65,10529.0
1267,06112,0-5,3360.0
1268,06119,6-11,3406.0
1269,06126,>65,10756.0
1270,06140,0-5,1180.0
1271,06147,6-11,2127.0
1272,06168,0-5,760.0
1273,06182,0-5,4705.0
1274,06210,0-5,3518.0
1275,06218,12-18,4971.0
1276,06218,19-65,24743.0
1277,06231,0-5,1395.0
1278,06238,12-18,3479.0
1279,06238,19-65,18261.0
1280,06266,12-18,4585.0
1281,06266,19-65,24065.0
1282,06270,6-11,21962.0
1283,06274,0-5,44663.0
1284,06277,12-18,1312.0
1285,06277,19-65,6149.0
1286,06322,12-18,1160.0
1287,06322,19-65,6798.0
1288,06357,>65,97137.0
1289,06364,6-11,18024.0
1290,06410,6-11,15026.0
1291,06412,12-18,40098.0
1292,06412,19-65,194421.0
1293,06413,0-5,7543.0
1294,06441,12-18,78431.0
1295,06441,19-65,473830.0
1296,06448,>65,1453.0
1297,06466,12-18,663.0
1298,06466,19-65,3688.0
1299,06476,12-18,1897.0
1300,06476,19-65,10725.0
1301,06483,6-11,3961.0
1302,06490,0-5,50825.0
1303,06497,0-5,8352.0
1304,06511,0-5,861.0
1305,06518,6-11,3085.0
1306,06532,12-18,7892.0
1307,06532,19-65,42081.0
1308,06547,12-18,2853.0
1309,06547,19-65,14375.0
1310,06568,6-11,24608.0
1311,06588,12-18,5934.0
1312,06588,19-65,30093.0
1313,06595,6-11,11123.0
1314,06602,0-5,2857.0
1315,06616,12-18,722.0
1316,06616,19-65,4048.0
1317,06638,>65,27739.0
1318,06644,6-11,3865.0
1319,06648,>65,6190.0
1320,06655,6-11,1193.0
1321,06679,6-11,2000.0
1322,06700,>65,3249.0
1323,06721,0-5,653.0
1324,06735,>65,3234.0
1325,06742,0-5,615.0
1326,06756,6-11,22338.0
1327,06763,0-5,12727.0
1328,06770,12-18,8280.0
1329,06770,19-65,39877.0
1330,06784,0-5,981.0
1331,06791,0-5,9785.0
1332,06798,12-18,1213.0
1333,06798,19-65,6191.0
1334,06805,>65,42525.0
1335,06819,12-18,1436.0
1336,06819,19-65,8649.0
1337,06826,0-5,4016.0
1338,06847,0-5,682.0
1339,06854,12-18,3782.0
1340,06854,19-65,20473.0
1341,06861,>65,50466.0
1342,06875,6-11,3167.0
1343,10014,6-11,286.0
1344,10021,>65,2092.0
1345,10028,12-18,212.0
1346,10028,19-65,1094.0
1347,10035,6-11,2993.0
1348,10049,0-5,14250.0
1349,10063,>65,1281.0
1350,10084,0-5,988.0
1351,10098,6-11,1288.0
1352,10112,>65,2700.0
1353,14007,0-5,5902.0
1354,14014,>65,166731.0
1355,14035,>65,4435.0
1356,14042,12-18,16119.0
1357,14042,19-65,92413.0
1358,14056,6-11,6415.0
1359,14077,>65,751.0
1360,14084,6-11,3515.0
1361,14091,0-5,15214.0
1362,14098,0-5,21670.0
1363,14105,6-11,5663.0
1364,14112,6-11,1591.0
1365,14119,6-11,10379.0
1366,14126,12-18,4656.0
1367,14126,19-65,25211.0
1368,14133,6-11,6034.0
1369,14140,>65,28448.0
1370,14161,0-5,9114.0
1371,14168,>65,2188.0
1372,14175,0-5,1158.0
1373,18007,12-18,5139.0
1374,18007,19-65,26073.0
1375,18035,12-18,6224.0
1376,18035,19-65,29736.0
1377,18042,>65,1676.0
1378,18063,12-18,1937.0
1379,18063,19-65,10078.0
1380,18070,0-5,9035.0
1381,18084,6-11,4200.0
1382,18091,0-5,4432.0
1383,18112,12-18,5272.0
1384,18112,19-65,26890.0
1385,18140,0-5,1862.0
1386,18154,0-5,1287.0
1387,22007,12-18,5388.0
1388,22007,19-65,21814.0
1389,22028,0-5,3114.0
1390,22036,12-18,2724.0
1391,22036,19-65,14068.0
1392,22049,12-18,1702.0
1393,22049,19-65,7340.0
1394,22056,>65,1244.0
1395,22063,0-5,6921.0
1396,22070,6-11,2577.0
1397,22077,12-18,1563.0
1398,22077,19-65,8388.0
1399,22091,>65,1910.0
1400,22098,0-5,5880.0
1401,22112,12-18,2996.0
1402,22112,19-65,12444.0
1403,22119,6-11,1578.0
1404,22126,>65,1126.0
1405,22133,0-5,3168.0
1406,22154,>65,1528.0
1407,22161,12-18,510.0
1408,22161,19-65,2423.0
1409,22168,>65,2363.0
1410,26007,0-5,8111.0
1411,26028,>65,130.0
1412,26042,12-18,1461.0
1413,26042,19-65,7478.0
1414,26063,6-11,60.0
1415,26077,>65,14944.0
1416,26105,12-18,174.0
1417,26105,19-65,990.0
1418,30008,0-5,5907.0
1419,30021,0-5,3847.0
1420,30035,6-11,2860.0
1421,30056,>65,15120.0
1422,30063,6-11,1534.0
1423,30098,12-18,12820.0
1424,30098,19-65,69543.0
1425,30113,0-5,4679.0
1426,34014,12-18,30652.0
1427,34014,19-65,167453.0
1428,34021,>65,1732.0
1429,34028,12-18,2420.0
1430,34028,19-65,9727.0
1431,34035,0-5,8070.0
1432,34056,0-5,6830.0
1433,38014,0-5,11018.0
1434,38035,12-18,11270.0
1435,38035,19-65,56971.0
1436,38042,6-11,6551.0
1437,38049,12-18,238.0
1438,38049,19-65,976.0
1439,38070,12-18,2601.0
1440,38070,19-65,12108.0
1441,38084,12-18,560.0
1442,38084,19-65,2208.0
1443,38094,0-5,1063.0
1444,38112,0-5,2367.0
1445,42014,0-5,194.0
1446,42021,0-5,8258.0
1447,42049,6-11,305.0
1448,42056,12-18,1340.0
1449,42056,19-65,7211.0
1450,42070,6-11,756.0
1451,42091,12-18,28.0
1452,42091,19-65,251.0
1453,42105,>65,7856.0
1454,42119,6-11,699.0
1455,42133,0-5,1232.0
1456,42140,6-11,2073.0
1457,42154,0-5,1321.0
1458,46021,0-5,409.0
1459,46028,12-18,1172.0
1460,46028,19-65,7114.0
1461,46035,6-11,1360.0
1462,46049,6-11,664.0
1463,46063,6-11,677.0
1464,46070,12-18,461.0
1465,46070,19-65,2438.0
1466,46077,6-11,164.0
1467,46084,6-11,656.0
1468,46126,0-5,230.0
1469,50007,6-11,9891.0
1470,50014,0-5,4069.0
1471,50021,12-18,19597.0
1472,50021,19-65,116952.0
1473,50035,12-18,5068.0
1474,50035,19-65,27603.0
1475,50049,0-5,19700.0
1476,50056,12-18,5944.0
1477,50056,19-65,27329.0
1478,50077,0-5,2811.0
1479,50119,12-18,7298.0
1480,50119,19-65,34789.0
1481,54014,>65,4332.0
1482,54063,6-11,12219.0
1483,54077,6-11,5931.0
1484,54084,0-5,3674.0
1485,54091,>65,9615.0
1486,58007,12-18,1197.0
1487,58007,19-65,6310.0
1488,58035,0-5,34739.0
1489,58049,>65,1586.0
1490,58056,6-11,3767.0
1491,58063,>65,636.0
1492,58070,6-11,1557.0
1493,58077,0-5,737.0
1494,58098,0-5,391.0
1495,58112,12-18,5301.0
1496,58112,19-65,27889.0
1497,62007,12-18,7034.0
1498,62007,19-65,39266.0
1499,62028,12-18,747.0
1500,62028,19-65,4533.0
1501,62035,0-5,545.0
1502,62049,12-18,375.0
1503,62049,19-65,2253.0
1504,62056,12-18,143.0
1505,62056,19-65,866.0
1506,62063,0-5,1344.0
1507,62070,6-11,943.0
1508,62077,6-11,3609.0
1509,66014,>65,816.0
1510,66028,>65,60054.0
1511,66035,0-5,5342.0
1512,66049,6-11,5990.0
1513,66056,12-18,24083.0
1514,66056,19-65,100268.0
1515,66063,12-18,392.0
1516,66063,19-65,2082.0
1517,66084,0-5,596.0
1518,66126,>65,10166.0
1519,66161,>65,843.0
1520,70014,0-5,969.0
1521,70021,0-5,1104.0
1522,70028,0-5,7849.0
1523,70056,6-11,2384.0
1524,70063,6-11,1488.0
1525,70070,>65,4987.0
1526,70077,12-18,16316.0
1527,70077,19-65,80305.0
1528,70084,12-18,11273.0
1529,70084,19-65,60622.0
1530,70119,0-5,772.0
1531,74007,12-18,2914.0
1532,74007,19-65,13682.0
1533,74014,0-5,444.0
1534,74021,6-11,1490.0
1535,74035,12-18,17891.0
1536,74035,19-65,90585.0
1537,74042,6-11,1464.0
1538,74063,>65,737.0
1539,78007,0-5,1456.0
1540,78014,12-18,15834.0
1541,78014,19-65,78220.0
1542,78021,6-11,14016.0
1543,78042,0-5,1110.0
1544,82007,12-18,4950.0
1545,82007,19-65,29382.0
1546,82021,0-5,15092.0
1547,82035,6-11,2543.0
1548,82063,6-11,51558.0
1549,82084,6-11,117871.0
1550,82091,0-5,5906.0
1551,82112,12-18,4999.0
1552,82112,19-65,27679.0
1553,82119,6-11,19715.0
1554,82126,0-5,5177.0
1555,82133,>65,5496.0
1556,86014,6-11,2442.0
1557,86021,0-5,1520.0
1558,86028,6-11,3000.0
1559,86035,12-18,20112.0
1560,86035,19-65,101737.0
1561,86042,0-5,1033.0
1562,86049,>65,29394.0
1563,86063,0-5,3746.0
1564,86070,12-18,2901.0
1565,86070,19-65,11109.0
1566,86077,6-11,5109.0
1567,86084,>65,990.0
1568,86098,12-18,3014.0
1569,86098,19-65,11379.0
1570,86105,0-5,2243.0
1571,86112,0-5,112.0
1572,86119,12-18,6032.0
1573,86119,19-65,22699.0
1574,86126,12-18,1865.0
1575,86126,19-65,8794.0
1576,86140,0-5,1286.0
1577,86147,6-11,7369.0
1578,86168,>65,1064.0
1579,86189,6-11,1008.0
1580,90021,6-11,9110.0
1581,90028,6-11,4753.0
1582,90035,0-5,1434.0
1583,90049,>65,1772.0
1584,90056,0-5,5678.0
1585,90070,0-5,6523.0
1586,90077,12-18,7630.0
1587,90077,19-65,38741.0
1588,90084,0-5,44089.0
1589,90091,0-5,3132.0
1590,94008,6-11,10167.0
1591,94015,>65,4599.0
1592,02000,0-5,155314.0
1593,06007,12-18,1671.0
1594,06007,19-65,10367.0
1595,06021,6-11,1166.0
1596,06035,0-5,22784.0
1597,06042,12-18,2541.0
1598,06042,19-65,12526.0
1599,06049,12-18,8263.0
1600,06049,19-65,43754.0
1601,06056,0-5,22621.0
1602,06063,12-18,4982.0
1603,06063,19-65,28622.0
1604,06112,6-11,4108.0
1605,06119,0-5,2588.0
1606,06140,6-11,1468.0
1607,06147,0-5,1731.0
1608,06154,12-18,1492.0
1609,06154,19-65,7991.0
1610,06161,12-18,2009.0
1611,06161,19-65,10176.0
1612,06168,6-11,888.0
1613,06175,12-18,2994.0
1614,06175,19-65,16340.0
1615,06182,6-11,6284.0
1616,06196,>65,3565.0
1617,06203,12-18,4180.0
1618,06203,19-65,24696.0
1619,06210,6-11,4504.0
1620,06224,12-18,7531.0
1621,06224,19-65,41568.0
1622,06231,6-11,1704.0
1623,06260,>65,29067.0
1624,06270,0-5,17155.0
1625,06274,6-11,55183.0
1626,06294,12-18,1608.0
1627,06294,19-65,9425.0
1628,06301,>65,3030.0
1629,06315,12-18,2821.0
1630,06315,19-65,13141.0
1631,06329,12-18,2104.0
1632,06329,19-65,10650.0
1633,06336,>65,489.0
1634,06343,12-18,1600.0
1635,06343,19-65,8038.0
1636,06364,0-5,14137.0
1637,06371,>65,58934.0
1638,06410,0-5,10707.0
1639,06413,6-11,8925.0
1640,06420,>65,13416.0
1641,06427,>65,170253.0
1642,06455,12-18,2959.0
1643,06455,19-65,15702.0
1644,06483,0-5,3294.0
1645,06490,6-11,65571.0
1646,06497,6-11,10571.0
1647,06505,12-18,2676.0
1648,06505,19-65,13231.0
1649,06511,6-11,1058.0
1650,06515,12-18,40965.0
1651,06515,19-65,214290.0
1652,06518,0-5,2519.0
1653,06525,12-18,8351.0
1654,06525,19-65,38235.0
1655,06539,12-18,70111.0
1656,06539,19-65,348455.0
1657,06553,12-18,914.0
1658,06553,19-65,5003.0
1659,06568,0-5,18044.0
1660,06574,>65,2408.0
1661,06581,>65,14893.0
1662,06595,0-5,8554.0
1663,06602,6-11,3677.0
1664,06623,12-18,12182.0
1665,06623,19-65,67810.0
1666,06644,0-5,3043.0
1667,06655,0-5,936.0
1668,06658,12-18,70705.0
1669,06658,19-65,381417.0
1670,06672,12-18,1779.0
1671,06672,19-65,9489.0
1672,06679,0-5,1734.0
1673,06721,6-11,818.0
1674,06728,>65,2904.0
1675,06742,6-11,731.0
1676,06756,0-5,17057.0
1677,06763,6-11,15253.0
1678,06784,6-11,1157.0
1679,06791,6-11,12620.0
1680,06826,6-11,4578.0
1681,06840,>65,52712.0
1682,06847,6-11,834.0
1683,06875,0-5,2586.0
1684,06882,>65,13218.0
1685,10007,12-18,475.0
1686,10007,19-65,3161.0
1687,10014,0-5,243.0
1688,10035,0-5,2482.0
1689,10049,6-11,17212.0
1690,10056,>65,484.0
1691,10084,6-11,1243.0
1692,10098,0-5,1154.0
1693,14007,6-11,7284.0
1694,14021,>65,26692.0
1695,14049,>65,4230.0
1696,14056,0-5,5605.0
1697,14063,12-18,10574.0
1698,14063,19-65,63830.0
1699,14070,>65,691.0
1700,14084,0-5,2907.0
1701,14091,6-11,19630.0
1702,14098,6-11,24667.0
1703,14105,0-5,5303.0
1704,14112,0-5,1324.0
1705,14119,0-5,8823.0
1706,14133,0-5,4809.0
1707,14147,12-18,15614.0
1708,14147,19-65,83152.0
1709,14161,6-11,10870.0
1710,14175,6-11,1209.0
1711,14182,>65,15151.0
1712,18014,12-18,324.0
1713,18014,19-65,1697.0
1714,18056,12-18,1126.0
1715,18056,19-65,5155.0
1716,18070,6-11,10905.0
1717,18077,12-18,1379.0
1718,18077,19-65,6881.0
1719,18084,0-5,3816.0
1720,18091,6-11,4752.0
1721,18098,12-18,1439.0
1722,18098,19-65,6729.0
1723,18119,>65,4738.0
1724,18126,>65,2619.0
1725,18140,6-11,2025.0
1726,18147,>65,1416.0
1727,18154,6-11,1498.0
1728,18168,>65,5187.0
1729,18175,12-18,1304.0
1730,18175,19-65,5930.0
1731,22014,12-18,3256.0
1732,22014,19-65,16591.0
1733,22021,>65,8424.0
1734,22028,6-11,3571.0
1735,22039,>65,696.0
1736,22043,12-18,1238.0
1737,22043,19-65,6404.0
1738,22063,6-11,8259.0
1739,22070,0-5,2318.0
1740,22098,6-11,6579.0
1741,22119,0-5,1353.0
1742,22133,6-11,3266.0
1743,22147,>65,1119.0
1744,26007,6-11,10375.0
1745,26035,>65,4899.0
1746,26049,>65,140.0
1747,26056,12-18,309.0
1748,26056,19-65,1750.0
1749,26063,0-5,64.0
1750,26070,>65,192.0
1751,26098,>65,570.0
1752,30008,6-11,6990.0
1753,30015,>65,18077.0
1754,30021,6-11,4458.0
1755,30028,>65,7253.0
1756,30035,0-5,2629.0
1757,30042,>65,1453.0
1758,30063,0-5,1271.0
1759,30070,>65,7651.0
1760,30084,>65,44128.0
1761,30105,12-18,4287.0
1762,30105,19-65,24458.0
1763,30113,6-11,5389.0
1764,34035,6-11,9940.0
1765,34056,6-11,8111.0
1766,38014,6-11,13356.0
1767,38021,>65,31877.0
1768,38042,0-5,4800.0
1769,38063,12-18,10031.0
1770,38063,19-65,53271.0
1771,38094,6-11,1549.0
1772,38098,>65,571.0
1773,38105,12-18,329.0
1774,38105,19-65,1460.0
1775,38112,6-11,2773.0
1776,42014,6-11,272.0
1777,42021,6-11,11128.0
1778,42028,12-18,933.0
1779,42028,19-65,4852.0
1780,42049,0-5,201.0
1781,42063,>65,144.0
1782,42070,0-5,690.0
1783,42098,12-18,1016.0
1784,42098,19-65,5559.0
1785,42119,0-5,600.0
1786,42133,6-11,1651.0
1787,42140,0-5,1540.0
1788,42154,6-11,1797.0
1789,46007,>65,1405.0
1790,46014,>65,15857.0
1791,46021,6-11,538.0
1792,46035,0-5,1307.0
1793,46042,>65,4698.0
1794,46049,0-5,479.0
1795,46056,12-18,355.0
1796,46056,19-65,1927.0
1797,46063,0-5,621.0
1798,46077,0-5,158.0
1799,46084,0-5,567.0
1800,46098,12-18,305.0
1801,46098,19-65,1633.0
1802,46126,6-11,317.0
1803,50007,0-5,8283.0
1804,50014,6-11,5385.0
1805,50028,>65,36526.0
1806,50042,>65,1174.0
1807,50049,6-11,24827.0
1808,50063,12-18,20387.0
1809,50063,19-65,102834.0
1810,50070,>65,21809.0
1811,50077,6-11,3700.0
1812,50084,>65,7676.0
1813,50091,>65,3938.0
1814,50112,12-18,2263.0
1815,50112,19-65,11186.0
1816,54035,12-18,1380.0
1817,54035,19-65,5827.0
1818,54042,>65,7405.0
1819,54049,12-18,6138.0
1820,54049,19-65,25839.0
1821,54056,12-18,10537.0
1822,54056,19-65,43708.0
1823,54063,0-5,10641.0
1824,54077,0-5,5227.0
1825,54084,6-11,4579.0
1826,58014,12-18,2191.0
1827,58014,19-65,11074.0
1828,58028,>65,449.0
1829,58035,6-11,44946.0
1830,58042,>65,1515.0
1831,58056,0-5,2801.0
1832,58070,0-5,1136.0
1833,58077,6-11,884.0
1834,58084,12-18,605.0
1835,58084,19-65,3482.0
1836,58091,12-18,3890.0
1837,58091,19-65,18406.0
1838,58098,6-11,533.0
1839,62021,>65,16589.0
1840,62035,6-11,780.0
1841,62063,6-11,1671.0
1842,62070,0-5,598.0
1843,62077,0-5,2730.0
1844,62091,>65,1576.0
1845,66007,12-18,9023.0
1846,66007,19-65,40640.0
1847,66035,6-11,6901.0
1848,66042,>65,2394.0
1849,66049,0-5,4858.0
1850,66070,>65,519.0
1851,66077,12-18,1287.0
1852,66077,19-65,7744.0
1853,66084,6-11,775.0
1854,66098,>65,910.0
1855,66105,>65,315.0
1856,66119,12-18,827.0
1857,66119,19-65,3163.0
1858,66133,12-18,5831.0
1859,66133,19-65,19717.0
1860,66140,12-18,3903.0
1861,66140,19-65,19794.0
1862,66147,>65,4219.0
1863,66154,>65,799.0
1864,70007,>65,2605.0
1865,70014,6-11,1181.0
1866,70021,6-11,1255.0
1867,70028,6-11,9115.0
1868,70056,0-5,2155.0
1869,70063,0-5,1295.0
1870,70098,>65,6419.0
1871,70105,12-18,3883.0
1872,70105,19-65,15162.0
1873,70119,6-11,825.0
1874,74014,6-11,561.0
1875,74021,0-5,1180.0
1876,74028,12-18,3001.0
1877,74028,19-65,16102.0
1878,74042,0-5,1283.0
1879,74056,>65,23607.0
1880,78007,6-11,1663.0
1881,78021,0-5,10573.0
1882,78035,>65,755.0
1883,78042,6-11,1489.0
1884,82014,>65,13273.0
1885,82021,6-11,17526.0
1886,82028,>65,12666.0
1887,82035,0-5,2349.0
1888,82042,>65,27552.0
1889,82063,0-5,42937.0
1890,82070,12-18,11909.0
1891,82070,19-65,70563.0
1892,82084,0-5,97904.0
1893,82091,6-11,7064.0
1894,82098,12-18,3561.0
1895,82098,19-65,19913.0
1896,82119,0-5,16356.0
1897,82126,6-11,6077.0
1898,86014,0-5,2298.0
1899,86021,6-11,1820.0
1900,86028,0-5,2758.0
1901,86042,6-11,1115.0
1902,86056,>65,2289.0
1903,86063,6-11,4467.0
1904,86077,0-5,4772.0
1905,86091,>65,1641.0
1906,86105,6-11,2577.0
1907,86112,6-11,120.0
1908,86133,12-18,3520.0
1909,86133,19-65,14776.0
1910,86140,6-11,1334.0
1911,86147,0-5,6377.0
1912,86154,>65,430.0
1913,86161,>65,4043.0
1914,86182,>65,404.0
1915,86189,0-5,861.0
1916,90007,>65,3519.0
1917,90021,0-5,7651.0
1918,90028,0-5,4239.0
1919,90035,6-11,1629.0
1920,90056,6-11,6760.0
1921,90070,6-11,7986.0
1922,90084,6-11,51884.0
1923,90091,6-11,3784.0
1924,90105,>65,13729.0
1925,90112,>65,2156.0
1926,94008,0-5,8087.0
1927,94011,>65,336.0
1928,02000,12-18,245665.0
1929,02000,19-65,1987897.0
1930,06007,0-5,1292.0
1931,06028,6-11,58015.0
1932,06035,12-18,37923.0
1933,06035,19-65,224678.0
1934,06042,0-5,1699.0
1935,06049,0-5,5390.0
1936,06056,12-18,33554.0
1937,06056,19-65,205484.0
1938,06063,0-5,3638.0
1939,06084,>65,3180.0
1940,06105,>65,6021.0
1941,06119,12-18,4101.0
1942,06119,19-65,18900.0
1943,06147,12-18,2474.0
1944,06147,19-65,13520.0
1945,06154,0-5,1107.0
1946,06161,0-5,1443.0
1947,06175,0-5,2014.0
1948,06203,0-5,2881.0
1949,06218,6-11,4228.0
1950,06224,0-5,4906.0
1951,06238,6-11,2888.0
1952,06245,>65,6653.0
1953,06266,6-11,4195.0
1954,06270,12-18,24742.0
1955,06270,19-65,121187.0
1956,06277,6-11,1070.0
1957,06280,>65,6264.0
1958,06294,0-5,1212.0
1959,06308,>65,482.0
1960,06315,0-5,1548.0
1961,06322,6-11,1083.0
1962,06329,0-5,1466.0
1963,06343,0-5,1095.0
1964,06351,>65,1843.0
1965,06364,12-18,18644.0
1966,06364,19-65,82731.0
1967,06385,>65,3269.0
1968,06399,>65,1870.0
1969,06406,>65,1720.0
1970,06408,>65,24731.0
1971,06410,12-18,18670.0
1972,06410,19-65,109759.0
1973,06412,6-11,36232.0
1974,06434,>65,65350.0
1975,06441,6-11,66893.0
1976,06455,0-5,1982.0
1977,06466,6-11,546.0
1978,06476,6-11,1606.0
1979,06483,12-18,4742.0
1980,06483,19-65,23883.0
1981,06505,0-5,1935.0
1982,06515,0-5,25943.0
1983,06518,12-18,3581.0
1984,06518,19-65,19536.0
1985,06525,0-5,5973.0
1986,06532,6-11,6743.0
1987,06539,0-5,48007.0
1988,06547,6-11,2558.0
1989,06553,0-5,596.0
1990,06568,12-18,30756.0
1991,06568,19-65,203738.0
1992,06588,6-11,4895.0
1993,06595,12-18,13458.0
1994,06595,19-65,72432.0
1995,06609,>65,6528.0
1996,06616,6-11,719.0
1997,06623,0-5,8676.0
1998,06644,12-18,4633.0
1999,06644,19-65,23999.0
2000,06651,>65,3058.0
2001,06655,12-18,1238.0
2002,06655,19-65,7041.0
2003,06658,0-5,47353.0
2004,06672,0-5,1197.0
2005,06679,12-18,2190.0
2006,06679,19-65,11550.0
2007,06693,>65,1739.0
2008,06707,>65,5294.0
2009,06714,>65,4923.0
2010,06749,>65,20687.0
2011,06756,12-18,29037.0
2012,06756,19-65,178076.0
2013,06760,>65,33278.0
2014,06770,6-11,7116.0
2015,06798,6-11,971.0
2016,06819,6-11,1351.0
2017,06854,6-11,3189.0
2018,06875,12-18,3798.0
2019,06875,19-65,19521.0
2020,10007,0-5,374.0
2021,10014,12-18,370.0
2022,10014,19-65,1968.0
2023,10028,6-11,203.0
2024,10035,12-18,3870.0
2025,10035,19-65,18208.0
2026,10042,>65,1621.0
2027,10070,>65,2119.0
2028,10091,>65,2806.0
2029,10098,12-18,1549.0
2030,10098,19-65,8090.0
2031,10105,>65,2690.0
2032,14042,6-11,14299.0
2033,14056,12-18,7384.0
2034,14056,19-65,40992.0
2035,14063,0-5,7791.0
2036,14084,12-18,4141.0
2037,14084,19-65,21812.0
2038,14105,12-18,6638.0
2039,14105,19-65,34568.0
2040,14112,12-18,1918.0
2041,14112,19-65,8909.0
2042,14119,12-18,12099.0
2043,14119,19-65,68637.0
2044,14126,6-11,3968.0
2045,14133,12-18,6847.0
2046,14133,19-65,37674.0
2047,14147,0-5,12002.0
2048,14154,>65,511.0
2049,18007,6-11,4808.0
2050,18014,0-5,231.0
2051,18021,>65,39638.0
2052,18028,>65,1798.0
2053,18035,6-11,5255.0
2054,18056,0-5,873.0
2055,18063,6-11,1615.0
2056,18077,0-5,1136.0
2057,18084,12-18,4751.0
2058,18084,19-65,22885.0
2059,18098,0-5,1002.0
2060,18112,6-11,4648.0
2061,18175,0-5,922.0
2062,22007,6-11,4305.0
2063,22014,0-5,2560.0
2064,22036,6-11,2450.0
2065,22043,0-5,968.0
2066,22049,6-11,1466.0
2067,22070,12-18,3219.0
2068,22070,19-65,12457.0
2069,22077,6-11,1476.0
2070,22105,>65,2581.0
2071,22112,6-11,2597.0
2072,22119,12-18,1785.0
2073,22119,19-65,8168.0
2074,22140,>65,36445.0
2075,22161,6-11,437.0
2076,26014,>65,2761.0
2077,26021,>65,18566.0
2078,26042,6-11,1179.0
2079,26056,0-5,236.0
2080,26063,12-18,68.0
2081,26063,19-65,470.0
2082,26105,6-11,144.0
2083,30035,12-18,3251.0
2084,30035,19-65,17863.0
2085,30049,>65,6843.0
2086,30063,12-18,1747.0
2087,30063,19-65,8252.0
2088,30098,6-11,10712.0
2089,30105,0-5,3123.0
2090,34007,>65,986.0
2091,34014,6-11,26493.0
2092,34028,6-11,2143.0
2093,34042,>65,1758.0
2094,34049,>65,9250.0
2095,38007,>65,1234.0
2096,38035,6-11,9746.0
2097,38042,12-18,7631.0
2098,38042,19-65,39935.0
2099,38049,6-11,241.0
2100,38056,>65,517.0
2101,38063,0-5,7205.0
2102,38070,6-11,2399.0
2103,38077,>65,265.0
2104,38084,6-11,527.0
2105,38105,0-5,194.0
2106,42007,>65,1520.0
2107,42028,0-5,648.0
2108,42042,>65,124.0
2109,42049,12-18,319.0
2110,42049,19-65,1738.0
2111,42056,6-11,1149.0
2112,42070,12-18,965.0
2113,42070,19-65,5446.0
2114,42091,6-11,42.0
2115,42098,0-5,647.0
2116,42119,12-18,933.0
2117,42119,19-65,4973.0
2118,42140,12-18,2136.0
2119,42140,19-65,10920.0
2120,46028,6-11,1078.0
2121,46035,12-18,1701.0
2122,46035,19-65,9709.0
2123,46049,12-18,804.0
2124,46049,19-65,4270.0
2125,46056,0-5,255.0
2126,46063,12-18,835.0
2127,46063,19-65,4643.0
2128,46070,6-11,362.0
2129,46077,12-18,214.0
2130,46077,19-65,1183.0
2131,46084,12-18,805.0
2132,46084,19-65,4408.0
2133,46098,0-5,224.0
2134,46105,>65,225.0
2135,46112,>65,1516.0
2136,50007,12-18,11066.0
2137,50007,19-65,75897.0
2138,50021,6-11,16942.0
2139,50035,6-11,4550.0
2140,50056,6-11,5749.0
2141,50063,0-5,13914.0
2142,50098,>65,16900.0
2143,50105,>65,27233.0
2144,50112,0-5,1765.0
2145,50119,6-11,6688.0
2146,50126,>65,3182.0
2147,54021,>65,2657.0
2148,54035,0-5,1087.0
2149,54049,0-5,5458.0
2150,54056,0-5,8802.0
2151,54063,12-18,13000.0
2152,54063,19-65,57864.0
2153,54070,>65,4350.0
2154,54077,12-18,6521.0
2155,54077,19-65,30073.0
2156,54105,>65,1801.0
2157,54119,>65,2087.0
2158,58007,6-11,1032.0
2159,58014,0-5,1908.0
2160,58056,12-18,4511.0
2161,58056,19-65,25134.0
2162,58070,12-18,1770.0
2163,58070,19-65,9912.0
2164,58084,0-5,440.0
2165,58091,0-5,2678.0
2166,58105,>65,708.0
2167,58112,6-11,4712.0
2168,62007,6-11,6136.0
2169,62014,>65,3848.0
2170,62028,6-11,723.0
2171,62049,6-11,354.0
2172,62056,6-11,125.0
2173,62070,12-18,985.0
2174,62070,19-65,5688.0
2175,62077,12-18,3973.0
2176,62077,19-65,21527.0
2177,62084,>65,584.0
2178,66007,0-5,7052.0
2179,66049,12-18,6453.0
2180,66049,19-65,33456.0
2181,66056,6-11,22243.0
2182,66063,6-11,343.0
2183,66077,0-5,966.0
2184,66091,>65,153.0
2185,66112,>65,4806.0
2186,66119,0-5,516.0
2187,66133,0-5,5048.0
2188,66140,0-5,2966.0
2189,70035,>65,3989.0
2190,70042,>65,8491.0
2191,70056,12-18,2795.0
2192,70056,19-65,15093.0
2193,70063,12-18,1606.0
2194,70063,19-65,7230.0
2195,70077,6-11,14695.0
2196,70084,6-11,10029.0
2197,70091,>65,1174.0
2198,70105,0-5,2876.0
2199,70112,>65,435.0
2200,70126,>65,1495.0
2201,70133,>65,491.0
2202,74007,6-11,2327.0
2203,74021,12-18,1861.0
2204,74021,19-65,9663.0
2205,74028,0-5,1946.0
2206,74035,6-11,14672.0
2207,74042,12-18,1837.0
2208,74042,19-65,8504.0
2209,78014,6-11,13790.0
2210,78021,12-18,16107.0
2211,78021,19-65,85832.0
2212,78049,>65,366.0
2213,82007,6-11,4246.0
2214,82035,12-18,2615.0
2215,82035,19-65,14994.0
2216,82063,12-18,59938.0
2217,82063,19-65,350342.0
2218,82070,0-5,8519.0
2219,82077,>65,2684.0
2220,82084,12-18,130364.0
2221,82084,19-65,829213.0
2222,82098,0-5,3076.0
2223,82112,6-11,4407.0
2224,82119,12-18,20824.0
2225,82119,19-65,116974.0
2226,86007,>65,843.0
2227,86014,12-18,2781.0
2228,86014,19-65,11322.0
2229,86028,12-18,3758.0
2230,86028,19-65,14142.0
2231,86035,6-11,18598.0
2232,86070,6-11,2373.0
2233,86077,12-18,6327.0
2234,86077,19-65,26726.0
2235,86098,6-11,2575.0
2236,86119,6-11,4781.0
2237,86126,6-11,1482.0
2238,86133,0-5,2632.0
2239,86147,12-18,8056.0
2240,86147,19-65,39058.0
2241,86189,12-18,1241.0
2242,86189,19-65,5761.0
2243,90021,12-18,10586.0
2244,90021,19-65,55863.0
2245,90028,12-18,5343.0
2246,90028,19-65,24852.0
2247,90042,>65,3398.0
2248,90063,>65,6788.0
2249,90077,6-11,6593.0
2250,90098,>65,2382.0
2251,94008,12-18,11428.0
2252,94008,19-65,63205.0
2253,02000,>65,504589.0
2254,06035,>65,49097.0
2255,06056,>65,43710.0
2256,06077,6-11,3046.0
2257,06084,12-18,2380.0
2258,06084,19-65,12105.0
2259,06098,6-11,10089.0
2260,06105,12-18,3767.0
2261,06105,19-65,21280.0
2262,06119,>65,3355.0
2263,06126,6-11,10711.0
2264,06147,>65,3053.0
2265,06196,0-5,1890.0
2266,06245,12-18,7828.0
2267,06245,19-65,37972.0
2268,06260,0-5,27670.0
2269,06270,>65,13574.0
2270,06280,12-18,4961.0
2271,06280,19-65,26397.0
2272,06301,0-5,1618.0
2273,06308,12-18,357.0
2274,06308,19-65,1797.0
2275,06336,0-5,419.0
2276,06351,12-18,1365.0
2277,06351,19-65,7399.0
2278,06357,6-11,53294.0
2279,06364,>65,8779.0
2280,06371,0-5,28038.0
2281,06385,12-18,2369.0
2282,06385,19-65,12883.0
2283,06399,12-18,1224.0
2284,06399,19-65,6718.0
2285,06406,12-18,1156.0
2286,06406,19-65,5997.0
2287,06408,12-18,19542.0
2288,06408,19-65,113393.0
2289,06410,>65,23821.0
2290,06420,0-5,7455.0
2291,06427,0-5,157034.0
2292,06434,12-18,46520.0
2293,06434,19-65,282237.0
2294,06448,6-11,1175.0
2295,06483,>65,5538.0
2296,06518,>65,4252.0
2297,06568,>65,52371.0
2298,06574,0-5,1501.0
2299,06581,0-5,6914.0
2300,06595,>65,16444.0
2301,06609,12-18,5012.0
2302,06609,19-65,25481.0
2303,06638,6-11,42505.0
2304,06644,>65,3684.0
2305,06648,6-11,12302.0
2306,06651,12-18,1455.0
2307,06651,19-65,9644.0
2308,06655,>65,1753.0
2309,06679,>65,2261.0
2310,06693,12-18,1546.0
2311,06693,19-65,8170.0
2312,06700,6-11,1822.0
2313,06707,12-18,3911.0
2314,06707,19-65,20289.0
2315,06714,12-18,4474.0
2316,06714,19-65,22960.0
2317,06728,0-5,2151.0
2318,06735,6-11,2443.0
2319,06749,12-18,18054.0
2320,06749,19-65,105553.0
2321,06756,>65,49470.0
2322,06760,12-18,35784.0
2323,06760,19-65,201932.0
2324,06805,6-11,44078.0
2325,06840,0-5,21166.0
2326,06861,6-11,19249.0
2327,06875,>65,3480.0
2328,06882,0-5,9976.0
2329,10014,>65,415.0
2330,10021,6-11,1720.0
2331,10035,>65,2800.0
2332,10042,12-18,2395.0
2333,10042,19-65,11866.0
2334,10056,0-5,394.0
2335,10063,6-11,1424.0
2336,10070,12-18,3265.0
2337,10070,19-65,15880.0
2338,10091,12-18,3038.0
2339,10091,19-65,16220.0
2340,10098,>65,1236.0
2341,10105,12-18,3068.0
2342,10105,19-65,15072.0
2343,10112,6-11,3303.0
2344,14014,6-11,127379.0
2345,14021,0-5,24253.0
2346,14035,6-11,3263.0
2347,14049,0-5,3125.0
2348,14056,>65,7921.0
2349,14070,0-5,371.0
2350,14077,6-11,399.0
2351,14084,>65,5176.0
2352,14105,>65,6009.0
2353,14112,>65,1533.0
2354,14119,>65,13373.0
2355,14133,>65,7336.0
2356,14140,6-11,20783.0
2357,14154,12-18,541.0
2358,14154,19-65,2583.0
2359,14168,6-11,2217.0
2360,14182,0-5,8748.0
2361,18021,12-18,47679.0
2362,18021,19-65,274081.0
2363,18028,12-18,3682.0
2364,18028,19-65,14815.0
2365,18042,6-11,1754.0
2366,18084,>65,3115.0
2367,18119,0-5,5442.0
2368,18126,0-5,2703.0
2369,18147,0-5,1512.0
2370,18168,0-5,6984.0
2371,22021,0-5,8579.0
2372,22039,0-5,745.0
2373,22056,6-11,1538.0
2374,22070,>65,1377.0
2375,22091,6-11,3024.0
2376,22105,12-18,3552.0
2377,22105,19-65,18030.0
2378,22119,>65,1054.0
2379,22126,6-11,1577.0
2380,22140,12-18,43342.0
2381,22140,19-65,263193.0
2382,22147,0-5,1707.0
2383,22154,6-11,1978.0
2384,22168,6-11,3902.0
2385,26014,12-18,3172.0
2386,26014,19-65,17390.0
2387,26021,12-18,23941.0
2388,26021,19-65,134133.0
2389,26028,6-11,189.0
2390,26035,0-5,3522.0
2391,26049,0-5,83.0
2392,26063,>65,82.0
2393,26070,0-5,137.0
2394,26077,6-11,13418.0
2395,26098,0-5,464.0
2396,30015,0-5,17901.0
2397,30028,0-5,6876.0
2398,30035,>65,2833.0
2399,30042,0-5,1461.0
2400,30049,12-18,6180.0
2401,30049,19-65,33778.0
2402,30056,6-11,11769.0
2403,30063,>65,1180.0
2404,30070,0-5,6549.0
2405,30084,0-5,27975.0
2406,34007,12-18,2207.0
2407,34007,19-65,8616.0
2408,34021,6-11,2095.0
2409,34042,12-18,2467.0
2410,34042,19-65,10819.0
2411,34049,12-18,11076.0
2412,34049,19-65,54596.0
2413,38007,12-18,2099.0
2414,38007,19-65,8658.0
2415,38021,0-5,23048.0
2416,38042,>65,6605.0
2417,38056,12-18,738.0
2418,38056,19-65,4236.0
2419,38077,12-18,352.0
2420,38077,19-65,1440.0
2421,38098,0-5,375.0
2422,42007,12-18,1168.0
2423,42007,19-65,6616.0
2424,42042,12-18,115.0
2425,42042,19-65,665.0
2426,42049,>65,305.0
2427,42063,0-5,110.0
2428,42070,>65,1540.0
2429,42105,6-11,6549.0
2430,42119,>65,1199.0
2431,42140,>65,1258.0
2432,46007,0-5,1353.0
2433,46014,0-5,15697.0
2434,46035,>65,1553.0
2435,46042,0-5,4579.0
2436,46049,>65,767.0
2437,46063,>65,839.0
2438,46077,>65,166.0
2439,46084,>65,911.0
2440,46105,12-18,307.0
2441,46105,19-65,1417.0
2442,46112,12-18,1864.0
2443,46112,19-65,9422.0
2444,50007,>65,18578.0
2445,50028,0-5,25349.0
2446,50042,0-5,1018.0
2447,50070,0-5,18163.0
2448,50084,0-5,5261.0
2449,50091,0-5,3475.0
2450,50098,12-18,15658.0
2451,50098,19-65,80345.0
2452,50105,12-18,23389.0
2453,50105,19-65,124020.0
2454,50126,12-18,5315.0
2455,50126,19-65,24010.0
2456,54014,6-11,7497.0
2457,54021,12-18,4620.0
2458,54021,19-65,19614.0
2459,54042,0-5,8721.0
2460,54063,>65,6114.0
2461,54070,12-18,5726.0
2462,54070,19-65,29650.0
2463,54077,>65,4414.0
2464,54091,6-11,13783.0
2465,54105,12-18,2956.0
2466,54105,19-65,13169.0
2467,54119,12-18,3903.0
2468,54119,19-65,17847.0
2469,58028,0-5,360.0
2470,58042,0-5,1298.0
2471,58049,6-11,2147.0
2472,58056,>65,3354.0
2473,58063,6-11,811.0
2474,58070,>65,1127.0
2475,58105,12-18,938.0
2476,58105,19-65,5152.0
2477,62014,12-18,4870.0
2478,62014,19-65,24839.0
2479,62021,0-5,11266.0
2480,62070,>65,1095.0
2481,62077,>65,3634.0
2482,62084,12-18,429.0
2483,62084,19-65,2555.0
2484,62091,0-5,1353.0
2485,66014,6-11,1080.0
2486,66028,6-11,61799.0
2487,66042,0-5,2069.0
2488,66049,>65,4989.0
2489,66070,0-5,676.0
2490,66091,12-18,271.0
2491,66091,19-65,975.0
2492,66098,0-5,760.0
2493,66105,0-5,875.0
2494,66112,12-18,5274.0
2495,66112,19-65,28713.0
2496,66126,6-11,19414.0
2497,66147,0-5,4735.0
2498,66154,0-5,674.0
2499,66161,6-11,1226.0
2500,70007,0-5,2958.0
2501,70035,12-18,5830.0
2502,70035,19-65,25044.0
2503,70042,12-18,13364.0
2504,70042,19-65,60439.0
2505,70056,>65,2842.0
2506,70063,>65,879.0
2507,70070,6-11,8963.0
2508,70091,12-18,2020.0
2509,70091,19-65,8394.0
2510,70098,0-5,5620.0
2511,70112,12-18,830.0
2512,70112,19-65,3837.0
2513,70126,12-18,3050.0
2514,70126,19-65,11432.0
2515,70133,12-18,845.0
2516,70133,19-65,3894.0
2517,74021,>65,1850.0
2518,74042,>65,1246.0
2519,74056,0-5,19681.0
2520,74063,6-11,373.0
2521,78021,>65,10781.0
2522,78035,0-5,1298.0
2523,78049,12-18,783.0
2524,78049,19-65,3793.0
2525,82014,0-5,5966.0
2526,82028,0-5,6793.0
2527,82035,>65,2352.0
2528,82042,0-5,14884.0
2529,82063,>65,63484.0
2530,82077,12-18,3817.0
2531,82077,19-65,18617.0
2532,82084,>65,162606.0
2533,82119,>65,19917.0
2534,82133,6-11,5622.0
2535,86007,12-18,1097.0
2536,86007,19-65,5307.0
2537,86014,>65,1261.0
2538,86028,>65,1804.0
2539,86049,6-11,31921.0
2540,86056,0-5,3908.0
2541,86077,>65,3370.0
2542,86084,6-11,929.0
2543,86091,0-5,1847.0
2544,86147,>65,5777.0
2545,86154,0-5,487.0
2546,86161,0-5,5435.0
2547,86168,6-11,1443.0
2548,86182,0-5,533.0
2549,86189,>65,895.0
2550,90007,0-5,4330.0
2551,90021,>65,9098.0
2552,90028,>65,3482.0
2553,90042,12-18,4108.0
2554,90042,19-65,20853.0
2555,90049,6-11,2167.0
2556,90063,12-18,11725.0
2557,90063,19-65,55489.0
2558,90098,12-18,2471.0
2559,90098,19-65,13431.0
2560,90105,0-5,15052.0
2561,90112,0-5,2185.0
2562,94008,>65,6035.0
2563,94011,0-5,581.0
2564,94015,6-11,7604.0
